label;P;P_set
power;434971.64948710555;False
heat system;2000000.0000000007;True
ti;0.0;False
heat storage;1575902.6417500707;False
