label;P;P_set
power;241425.94249986374;False
heat system;2000000.0000000005;True
ti;0.0;False
heat storage;1786566.8734339739;False
