label;P;P_set
power;652762.9494874289;False
heat system;3000000.000000003;True
ti;0.0;False
heat storage;2363569.2570607644;False
